"","logFC","logCPM","LR","PValue","FDR"
"ENSG00000200680",9.75160964795486,1.87922627556436,34.4095453701841,4.46527991030089e-09,0.000111185469766492
"ENSG00000198744",-6.89136068549049,1.3016574009504,32.8756449081795,9.82464329928734e-09,0.000122316809076127
"ENSG00000200503",10.2665476257801,2.0844575836238,30.9973822691271,2.58376674031083e-08,0.000214452639445799
"ENSG00000234287",-4.23298634855749,-1.35625564356541,29.3969098741558,5.89716000709645e-08,0.000367098210441754
"ENSG00000200726",8.70218386432888,0.858824116443811,28.2059757947838,1.09067314256216e-07,0.000543155224995957
"ENSG00000144451",0.968824427047478,4.66029811738665,21.3717977708163,3.78295074022621e-06,0.0156992455719388
"ENSG00000200812",5.14835503013653,0.912512803205627,19.9966936526363,7.75761861930325e-06,0.027594957660093
