"","logFC","logCPM","F","PValue","FDR"
"ENSG00000200680",9.75114770314337,1.87922627556436,36.9406583335569,9.56916942312192e-09,0.000238272318635736
"ENSG00000234287",-4.22050746505222,-1.35625564356541,30.8232825879872,1.24541377131031e-07,0.00112011620564635
"ENSG00000200726",8.70195970416666,0.858824116443811,30.6355993967455,1.34953759716427e-07,0.00112011620564635
"ENSG00000200503",10.2667049426063,2.0844575836238,29.9284349944236,1.82791176563392e-07,0.00113787507410712
"ENSG00000198744",-6.87028485276816,1.3016574009504,28.0196111445053,4.17535994240634e-07,0.00207932925131836
"ENSG00000144451",0.968774992402671,4.66029811738665,23.6534455202705,2.87688003445592e-06,0.0119390521429921
"ENSG00000167332",-5.00975591122336,-2.75012578789636,21.815091031116,6.60264342996497e-06,0.0234865459151611
"ENSG00000200812",5.14788448649017,0.912512803205627,20.0273940412015,1.497586439431e-05,0.0466123779272898
